label,x,y,z,buried
1 1,613087.1,6651252.8,130.90483,0
1 2,613088.0729166666,6651252.925,130.89882,0
1 3,613089.0458333333,6651253.05,130.90778,0
1 4,613090.0187499999,6651253.175,130.92082,0
1 5,613090.9916666667,6651253.3,130.94443,0
1 6,613091.9645833333,6651253.425,130.97845,0
1 7,613092.9375,6651253.55,130.997,0
1 8,613093.9104166667,6651253.675,131.01591,0
1 9,613094.8833333333,6651253.8,131.02023,0
1 10,613095.85625,6651253.925,131.02023,0
1 11,613096.8291666666,6651254.05,131.0297,0
1 12,613097.8020833334,6651254.175,131.04393,0
1 13,613098.775,6651254.3,131.06291,0
1 14,613099.7479166667,6651254.425,131.09486,0
1 15,613100.7208333333,6651254.55,131.11357,0
1 16,613101.69375,6651254.675,131.13092,0
1 17,613102.6666666666,6651254.8,131.15222,0
1 18,613103.6395833333,6651254.925,131.1939,0
1 19,613104.6125,6651255.05,131.23953,0
1 20,613105.5854166667,6651255.175,131.26054,0
1 21,613106.5583333333,6651255.3,131.30536,0
1 22,613107.53125,6651255.425,131.34352,0
1 23,613108.5041666667,6651255.55,131.42152,0
1 24,613109.4770833333,6651255.675,131.48581,0
1 25,613110.45,6651255.8,131.54776,0
1 26,613111.4229166667,6651255.925,131.58485,0
1 27,613112.3958333334,6651256.05,131.62231,0
1 28,613113.36875,6651256.175,131.67268,0
1 29,613114.3416666667,6651256.3,131.69838,0
1 30,613115.3145833333,6651256.425,131.73135,0
1 31,613116.2875,6651256.55,131.75299,0
1 32,613117.2604166667,6651256.675,131.75589,0
1 33,613118.2333333334,6651256.8,131.74416,0
1 34,613119.20625,6651256.925,131.73286,0
1 35,613120.1791666667,6651257.05,131.72852,0
1 36,613121.1520833333,6651257.175,131.7089,0
1 37,613122.125,6651257.3,131.72107,0
1 38,613123.0979166667,6651257.425,131.72005,0
1 39,613124.0708333334,6651257.55,131.71196,0
1 40,613125.0437500001,6651257.675,131.72382,0
1 41,613126.0166666667,6651257.8,131.74458,0
1 42,613126.9895833334,6651257.925,131.75342,0
1 43,613127.9625,6651258.05,131.70961,0
1 44,613128.9354166667,6651258.175,131.70837,0
1 45,613129.9083333333,6651258.3,131.70206,0
1 46,613130.8812500001,6651258.425,131.7109,0
1 47,613131.8541666667,6651258.55,131.72487,0
1 48,613132.8270833334,6651258.675,131.74973,0
1 49,613133.8,6651258.8,131.7653,0
1 50,613134.8148936171,6651258.813191489,131.78429,0
1 51,613135.8297872341,6651258.826382979,131.81024,0
1 52,613136.8446808511,6651258.839574468,131.84512,0
1 53,613137.8595744681,6651258.852765957,131.86285,0
1 54,613138.8744680851,6651258.865957446,131.895,0
1 55,613139.8893617021,6651258.879148936,131.929,0
1 56,613140.9042553192,6651258.892340425,131.97041,0
1 57,613141.9191489362,6651258.905531915,132.01836,0
1 58,613142.9340425532,6651258.918723404,132.06902,0
1 59,613143.9489361702,6651258.931914894,132.11021,0
1 60,613144.9638297872,6651258.9451063825,132.14316,0
1 61,613145.9787234043,6651258.958297872,132.18655,0
1 62,613146.9936170214,6651258.9714893615,132.20084,0
1 63,613148.0085106384,6651258.984680851,132.21727,0
1 64,613149.0234042554,6651258.9978723405,132.24498,0
1 65,613150.0382978724,6651259.01106383,132.27097,0
1 66,613151.0531914894,6651259.024255319,132.31024,0
1 67,613152.0680851064,6651259.037446808,132.35231,0
1 68,613153.0829787235,6651259.050638298,132.37541,0
1 69,613154.0978723405,6651259.063829787,132.40326,0
1 70,613155.1127659575,6651259.077021277,132.43593,0
1 71,613156.1276595745,6651259.090212766,132.44728,0
1 72,613157.1425531915,6651259.103404256,132.47139,0
1 73,613158.1574468085,6651259.116595744,132.47955,0
1 74,613159.1723404255,6651259.129787234,132.48251,0
1 75,613160.1872340426,6651259.142978723,132.47414,0
1 76,613161.2021276596,6651259.156170213,132.47227,0
1 77,613162.2170212766,6651259.169361702,132.45927,0
1 78,613163.2319148936,6651259.182553192,132.4996,0
1 79,613164.2468085106,6651259.195744681,132.57843,0
1 80,613165.2617021276,6651259.20893617,132.73257,0
1 81,613166.2765957447,6651259.222127659,132.83427,0
1 82,613167.2914893617,6651259.235319149,132.90509,0
1 83,613168.3063829787,6651259.248510638,132.94853,0
1 84,613169.3212765957,6651259.261702128,132.95512,0
1 85,613170.3361702128,6651259.274893617,132.8226,0
1 86,613171.3510638298,6651259.288085106,132.63634,0
1 87,613172.3659574469,6651259.301276595,132.62242,0
1 88,613173.3808510639,6651259.314468085,132.62675,0
1 89,613174.3957446809,6651259.327659574,132.63475,0
1 90,613175.4106382979,6651259.340851064,132.63228,0
1 91,613176.4255319149,6651259.354042553,132.66045,0
1 92,613177.4404255319,6651259.367234043,132.67093,0
1 93,613178.455319149,6651259.380425531,132.6897,0
1 94,613179.470212766,6651259.393617021,132.71393,0
1 95,613180.485106383,6651259.40680851,132.73407,0
1 96,613181.5,6651259.42,132.7451,0
2 1,613047.4,6651240.3,130.46277,0
2 2,613052.2936170213,6651241.346808511,130.746,0
2 3,613057.1872340426,6651242.393617021,130.92828,0
2 4,613062.0808510638,6651243.440425532,130.81648,0
2 5,613066.9744680851,6651244.487234042,130.93079,0
2 6,613071.8680851064,6651245.534042553,131.04597,0
2 7,613076.7617021276,6651246.580851064,131.04485,0
2 8,613081.6553191489,6651247.627659574,131.0901,0
2 9,613086.5489361703,6651248.674468085,131.10112,0
2 10,613091.4425531916,6651249.721276595,131.04399,0
2 11,613096.3361702128,6651250.768085106,131.13065,0
2 12,613101.2297872341,6651251.814893617,131.20718,0
2 13,613106.1234042554,6651252.861702127,131.36841,0
2 14,613111.0170212766,6651253.908510638,131.60172,0
2 15,613115.9106382979,6651254.9553191485,131.76416,0
2 16,613120.8042553192,6651256.0021276595,131.75647,0
2 17,613125.6978723404,6651257.0489361705,131.74458,0
2 18,613130.5914893617,6651258.095744681,131.7548,0
2 19,613135.485106383,6651259.142553192,131.78429,0
2 20,613140.3787234043,6651260.189361702,131.90097,0
2 21,613145.2723404255,6651261.236170213,132.1318,0
2 22,613150.1659574468,6651262.282978724,132.2833,0
2 23,613155.0595744681,6651263.329787234,132.36484,0
2 24,613159.9531914893,6651264.376595745,132.4007,0
2 25,613164.8468085107,6651265.423404255,133.04112,0
2 26,613169.740425532,6651266.470212766,133.64795,0
2 27,613174.6340425533,6651267.517021276,134.21686,0
2 28,613179.5276595745,6651268.563829787,134.37993,0
2 29,613184.4212765958,6651269.610638298,134.57208,0
2 30,613189.3148936171,6651270.657446808,134.30655,0
2 31,613194.2085106383,6651271.704255319,133.70999,0
2 32,613199.1021276596,6651272.751063829,133.2869,0
2 33,613203.9957446809,6651273.79787234,133.27063,0
2 34,613208.8893617021,6651274.844680851,133.2983,0
2 35,613213.7829787234,6651275.891489361,133.39879,0
2 36,613218.6765957447,6651276.938297872,133.50056,0
2 37,613223.570212766,6651277.9851063825,133.53084,0
2 38,613228.4638297872,6651279.031914894,133.73097,0
2 39,613233.3574468085,6651280.078723405,133.65672,0
2 40,613238.2510638298,6651281.125531915,133.7246,0
2 41,613243.1446808511,6651282.172340426,133.91286,0
2 42,613248.0382978724,6651283.219148936,134.0499,0
2 43,613252.9319148937,6651284.265957447,134.21661,0
2 44,613257.825531915,6651285.312765958,134.30714,0
2 45,613262.7191489362,6651286.359574468,134.36931,0
2 46,613267.6127659575,6651287.406382979,134.54622,0
2 47,613272.5063829788,6651288.453191489,134.75002,0
2 48,613277.4,6651289.5,135.20883,0
3 1,612864.5,6651305.513,121.22662,0
3 2,612867.2238571428,6651301.346047619,121.860275,0
3 3,612869.9477142857,6651297.179095238,122.28219,0
3 4,612872.6715714285,6651293.012142858,122.92111,0
3 5,612875.3954285714,6651288.845190477,123.54756,0
3 6,612878.1192857142,6651284.678238096,124.22136,0
3 7,612880.8431428572,6651280.511285715,124.84067,0
3 8,612883.567,6651276.344333334,125.370125,0
3 9,612886.2908571429,6651272.177380953,126.062614,0
3 10,612889.0147142857,6651268.010428572,126.63423,0
3 11,612891.7385714286,6651263.843476191,127.21187,0
3 12,612894.4624285714,6651259.676523809,127.72818,0
3 13,612897.1862857143,6651255.509571428,128.28677,0
3 14,612899.9101428571,6651251.3426190475,129.00078,0
3 15,612902.634,6651247.175666667,130.0627,0
3 16,612905.3578571428,6651243.008714286,130.93689,0
3 17,612908.0817142858,6651238.841761905,131.60667,0
3 18,612910.8055714286,6651234.674809524,131.8835,0
3 19,612913.5294285715,6651230.507857143,132.13377,0
3 20,612916.2532857143,6651226.340904762,132.23593,0
3 21,612918.9771428572,6651222.173952381,132.45872,0
3 22,612921.701,6651218.007,132.86217,0
3 23,612923.8663513514,6651213.5102702705,133.06493,0
3 24,612926.0317027027,6651209.013540541,133.22794,0
3 25,612928.197054054,6651204.516810811,133.51584,0
3 26,612930.3624054054,6651200.020081081,133.71408,0
3 27,612932.5277567568,6651195.523351352,134.44925,0
3 28,612934.6931081081,6651191.026621622,134.95476,0
3 29,612936.8584594595,6651186.529891892,135.89023,0
3 30,612939.0238108108,6651182.033162163,136.90858,0
3 31,612941.1891621621,6651177.536432433,137.26602,0
3 32,612943.3545135135,6651173.039702703,137.56161,0
3 33,612945.5198648649,6651168.542972974,137.99374,0
3 34,612947.6852162163,6651164.046243244,138.38777,0
3 35,612949.8505675676,6651159.549513513,138.77798,0
3 36,612952.0159189189,6651155.0527837835,139.28934,0
3 37,612954.1812702703,6651150.556054054,139.68513,0
3 38,612956.3466216216,6651146.059324324,140.19307,0
3 39,612958.511972973,6651141.562594594,140.58368,0
3 40,612960.6773243244,6651137.065864865,141.02687,0
3 41,612962.8426756756,6651132.569135135,141.46083,0
3 42,612965.008027027,6651128.072405405,141.84723,0
3 43,612967.1733783784,6651123.575675676,142.42255,0
3 44,612969.3387297298,6651119.078945946,142.7589,0
3 45,612971.5040810811,6651114.582216216,142.9441,0
3 46,612973.6694324324,6651110.085486487,142.72646,0
3 47,612975.8347837838,6651105.588756757,142.97629,0
3 48,612978.0001351351,6651101.092027027,143.20259,0
3 49,612980.1654864865,6651096.595297297,143.56343,0
3 50,612982.3308378379,6651092.098567568,144.35106,0
3 51,612984.4961891893,6651087.601837838,144.69695,0
3 52,612986.6615405405,6651083.105108108,145.22086,0
3 53,612988.8268918919,6651078.608378379,145.774,0
3 54,612990.9922432433,6651074.111648649,146.17288,0
3 55,612993.1575945946,6651069.614918919,146.73112,0
3 56,612995.322945946,6651065.11818919,146.88176,0
3 57,612997.4882972973,6651060.62145946,146.76958,0
3 58,612999.6536486486,6651056.12472973,146.82954,0
3 59,613001.819,6651051.6280000005,147.08041,0
3 60,613003.9843513514,6651047.13127027,147.13829,0
3 61,613006.1497027028,6651042.63454054,147.45375,0
3 62,613008.315054054,6651038.1378108105,147.83015,0
3 63,613010.4804054054,6651033.641081081,148.09557,0
3 64,613012.6457567568,6651029.144351351,148.1195,0
3 65,613014.8111081081,6651024.647621621,148.13885,0
3 66,613016.9764594595,6651020.150891892,148.13037,0
3 67,613019.1418108108,6651015.654162162,148.16284,0
3 68,613021.3071621621,6651011.157432432,148.22136,0
3 69,613023.4725135135,6651006.660702703,148.23819,0
3 70,613025.6378648649,6651002.163972973,148.21085,0
3 71,613027.8032162163,6650997.667243243,148.20024,0
3 72,613029.9685675676,6650993.1705135135,148.07538,0
3 73,613032.1339189189,6650988.673783784,147.98401,0
3 74,613034.2992702703,6650984.177054054,147.91228,0
3 75,613036.4646216216,6650979.680324324,147.8784,0
3 76,613038.629972973,6650975.183594595,148.12068,0
3 77,613040.7953243244,6650970.686864865,148.08057,0
3 78,613042.9606756757,6650966.190135135,148.035,0
3 79,613045.126027027,6650961.693405406,147.97122,0
3 80,613047.2913783784,6650957.196675676,147.87666,0
3 81,613049.4567297298,6650952.699945946,148.00188,0
3 82,613051.6220810812,6650948.2032162165,148.07887,0
3 83,613053.7874324324,6650943.706486487,148.33475,0
3 84,613055.9527837838,6650939.209756756,148.48462,0
3 85,613058.1181351352,6650934.7130270265,148.53966,0
3 86,613060.2834864865,6650930.216297297,148.65048,0
3 87,613062.4488378379,6650925.719567567,148.8328,0
3 88,613064.6141891893,6650921.222837837,148.89955,0
3 89,613066.7795405405,6650916.726108108,149.06471,0
3 90,613068.9448918919,6650912.229378378,149.21864,0
3 91,613071.1102432433,6650907.732648648,149.34602,0
3 92,613073.2755945947,6650903.235918919,149.51024,0
3 93,613075.440945946,6650898.739189189,149.84286,0
3 94,613077.6062972973,6650894.242459459,149.84438,0
3 95,613079.7716486487,6650889.7457297295,149.74509,0
3 96,613081.937,6650885.249,149.52733,0
4 1,613062.5,6651222.5,131.4339,0
4 2,613063.4063157894,6651222.075789474,131.5526,0
4 3,613064.312631579,6651221.651578947,131.54169,0
4 4,613065.2189473684,6651221.227368421,131.5732,0
4 5,613066.1252631579,6651220.803157895,131.68263,0
4 6,613067.0315789473,6651220.378947369,131.70795,0
4 7,613067.9378947369,6651219.954736842,131.77234,0
4 8,613068.8442105263,6651219.530526316,131.76094,0
4 9,613069.7505263158,6651219.10631579,131.83466,0
4 10,613070.6568421052,6651218.682105263,131.89368,0
4 11,613071.5631578948,6651218.257894737,131.93591,0
4 12,613072.4694736842,6651217.833684211,131.91931,0
4 13,613073.3757894736,6651217.409473685,131.95128,0
4 14,613074.2821052632,6651216.985263158,131.99965,0
4 15,613075.1884210526,6651216.561052632,132.07217,0
4 16,613076.0947368421,6651216.136842106,132.04224,0
4 17,613077.0010526315,6651215.712631579,132.09747,0
4 18,613077.9073684211,6651215.2884210525,132.16554,0
4 19,613078.8136842105,6651214.864210526,132.26189,0
4 20,613079.72,6651214.44,132.33008,0
4 21,613080.6263157894,6651214.015789473,132.26369,0
4 22,613081.532631579,6651213.591578947,132.32132,0
4 23,613082.4389473684,6651213.167368421,132.32132,0
4 24,613083.3452631579,6651212.743157894,132.38623,0
4 25,613084.2515789474,6651212.318947368,132.36507,0
4 26,613085.1578947369,6651211.894736842,132.44302,0
4 27,613086.0642105263,6651211.470526316,132.41013,0
4 28,613086.9705263157,6651211.046315789,132.49257,0
4 29,613087.8768421053,6651210.622105263,132.49358,0
4 30,613088.7831578947,6651210.197894737,132.59789,0
4 31,613089.6894736842,6651209.77368421,132.57437,0
4 32,613090.5957894736,6651209.349473684,132.67392,0
4 33,613091.5021052632,6651208.925263158,132.66841,0
4 34,613092.4084210526,6651208.501052632,132.7595,0
4 35,613093.3147368421,6651208.076842105,132.73483,0
4 36,613094.2210526316,6651207.652631579,132.85318,0
4 37,613095.1273684211,6651207.228421053,132.84106,0
4 38,613096.0336842105,6651206.804210526,132.90887,0
4 39,613096.94,6651206.38,132.88512,0
4 40,613097.8463157895,6651205.955789474,132.9423,0
4 41,613098.752631579,6651205.531578948,132.92253,0
4 42,613099.6589473684,6651205.107368421,132.99614,0
4 43,613100.5652631578,6651204.683157895,132.9714,0
4 44,613101.4715789474,6651204.258947369,133.02725,0
4 45,613102.3778947368,6651203.834736842,133.02725,0
4 46,613103.2842105263,6651203.410526316,133.07521,0
4 47,613104.1905263158,6651202.98631579,133.06839,0
4 48,613105.0968421053,6651202.562105264,133.10481,0
4 49,613106.0031578947,6651202.137894737,133.0965,0
4 50,613106.9094736842,6651201.713684211,133.1336,0
4 51,613107.8157894737,6651201.2894736845,133.11903,0
4 52,613108.7221052632,6651200.865263158,133.16449,0
4 53,613109.6284210526,6651200.4410526315,133.17424,0
4 54,613110.5347368421,6651200.016842105,133.2315,0
4 55,613111.4410526316,6651199.592631579,133.23276,0
4 56,613112.347368421,6651199.168421052,133.26894,0
4 57,613113.2536842105,6651198.744210526,133.28171,0
4 58,613114.16,6651198.32,133.28415,0
4 59,613115.0663157895,6651197.895789474,133.3018,0
4 60,613115.9726315789,6651197.471578947,133.30292,0
4 61,613116.8789473684,6651197.047368421,133.32382,0
4 62,613117.7852631579,6651196.623157895,133.36642,0
4 63,613118.6915789474,6651196.198947368,133.39818,0
4 64,613119.5978947368,6651195.774736842,133.49007,0
4 65,613120.5042105264,6651195.350526316,133.51994,0
4 66,613121.4105263158,6651194.92631579,133.6018,0
4 67,613122.3168421052,6651194.502105263,133.6018,0
4 68,613123.2231578947,6651194.077894737,133.67447,0
4 69,613124.1294736842,6651193.653684211,133.70494,0
4 70,613125.0357894737,6651193.229473684,133.80911,0
4 71,613125.9421052631,6651192.805263158,133.84926,0
4 72,613126.8484210526,6651192.381052632,133.92384,0
4 73,613127.7547368421,6651191.956842106,133.94585,0
4 74,613128.6610526316,6651191.532631579,134.0233,0
4 75,613129.567368421,6651191.108421053,134.0233,0
4 76,613130.4736842106,6651190.684210527,134.1256,0
4 77,613131.38,6651190.26,134.12962,0
4 78,613132.2863157894,6651189.835789474,134.24458,0
4 79,613133.1926315789,6651189.411578948,134.23267,0
4 80,613134.0989473684,6651188.987368422,134.33612,0
4 81,613135.0052631579,6651188.563157895,134.32062,0
4 82,613135.9115789473,6651188.138947369,134.40584,0
4 83,613136.8178947368,6651187.714736843,134.38933,0
4 84,613137.7242105263,6651187.290526316,134.46759,0
4 85,613138.6305263158,6651186.8663157895,134.46358,0
4 86,613139.5368421052,6651186.4421052635,134.51132,0
4 87,613140.4431578948,6651186.017894737,134.50381,0
4 88,613141.3494736842,6651185.59368421,134.53868,0
4 89,613142.2557894737,6651185.169473684,134.53868,0
4 90,613143.1621052631,6651184.745263158,134.6006,0
4 91,613144.0684210527,6651184.321052631,134.62473,0
4 92,613144.9747368421,6651183.896842105,134.72739,0
4 93,613145.8810526315,6651183.472631579,134.72536,0
4 94,613146.787368421,6651183.048421053,134.8463,0
4 95,613147.6936842105,6651182.624210526,135.0002,0
4 96,613148.6,6651182.2,134.9826,0
5 1,612927.8,6651285.8,122.86692,0
5 2,612932.3085106383,6651283.663829787,123.09694,0
5 3,612936.8170212767,6651281.5276595745,123.33006,0
5 4,612941.325531915,6651279.391489361,123.4503,0
5 5,612945.8340425532,6651277.255319149,123.82694,0
5 6,612950.3425531915,6651275.119148936,124.0894,0
5 7,612954.8510638298,6651272.982978723,124.40362,0
5 8,612959.3595744681,6651270.846808511,124.90835,0
5 9,612963.8680851064,6651268.710638298,125.925224,0
5 10,612968.3765957447,6651266.574468085,126.976524,0
5 11,612972.885106383,6651264.438297872,127.54929,0
5 12,612977.3936170213,6651262.302127659,127.978966,0
5 13,612981.9021276596,6651260.165957447,128.29791,0
5 14,612986.4106382979,6651258.029787234,128.69994,0
5 15,612990.9191489362,6651255.893617021,128.77614,0
5 16,612995.4276595744,6651253.757446809,128.77399,0
5 17,612999.9361702128,6651251.621276596,129.0829,0
5 18,613004.4446808511,6651249.485106383,129.27762,0
5 19,613008.9531914893,6651247.34893617,129.36963,0
5 20,613013.4617021277,6651245.212765957,129.94023,0
5 21,613017.970212766,6651243.076595745,130.09583,0
5 22,613022.4787234042,6651240.940425532,130.3508,0
5 23,613026.9872340426,6651238.804255319,130.57903,0
5 24,613031.4957446809,6651236.668085107,131.07227,0
5 25,613036.0042553191,6651234.531914894,131.73653,0
5 26,613040.5127659574,6651232.395744681,131.47656,0
5 27,613045.0212765958,6651230.259574468,131.24135,0
5 28,613049.529787234,6651228.123404255,131.20695,0
5 29,613054.0382978723,6651225.987234043,131.40434,0
5 30,613058.5468085107,6651223.85106383,131.38205,0
5 31,613063.0553191489,6651221.714893617,131.55301,0
5 32,613067.5638297872,6651219.578723405,131.70795,0
5 33,613072.0723404256,6651217.442553191,131.90074,0
5 34,613076.5808510638,6651215.306382979,132.09747,0
5 35,613081.0893617021,6651213.170212766,132.31914,0
5 36,613085.5978723404,6651211.034042553,132.44302,0
5 37,613090.1063829787,6651208.897872341,132.67392,0
5 38,613094.614893617,6651206.761702128,132.91327,0
5 39,613099.1234042553,6651204.625531916,133.00743,0
5 40,613103.6319148936,6651202.489361702,133.118,0
5 41,613108.1404255319,6651200.353191489,133.16449,0
5 42,613112.6489361702,6651198.217021277,133.29488,0
5 43,613117.1574468085,6651196.080851064,133.33064,0
5 44,613121.6659574468,6651193.944680851,133.66681,0
5 45,613126.174468085,6651191.808510639,133.90842,0
5 46,613130.6829787233,6651189.672340426,134.21924,0
5 47,613135.1914893617,6651187.5361702135,134.40584,0
5 48,613139.7,6651185.4,134.58119,0
6 1,613066.36,6651399.78,127.98419,0
6 2,613067.2552631579,6651400.230105263,127.93907,0
6 3,613068.1505263158,6651400.680210527,127.97661,0
6 4,613069.0457894737,6651401.13031579,127.999405,0
6 5,613069.9410526316,6651401.580421053,127.948425,0
6 6,613070.8363157895,6651402.030526316,127.99249,0
6 7,613071.7315789474,6651402.48063158,127.97081,0
6 8,613072.6268421053,6651402.930736843,128.01175,0
6 9,613073.5221052632,6651403.3808421055,128.06538,0
6 10,613074.4173684211,6651403.830947368,128.03876,0
6 11,613075.3126315789,6651404.281052632,128.0807,0
6 12,613076.2078947368,6651404.731157895,128.12782,0
6 13,613077.1031578947,6651405.181263158,128.10701,0
6 14,613077.9984210526,6651405.631368421,128.10701,0
6 15,613078.8936842105,6651406.081473685,128.14546,0
6 16,613079.7889473684,6651406.531578948,128.13254,0
6 17,613080.6842105263,6651406.981684211,128.1744,0
6 18,613081.5794736842,6651407.431789474,128.14339,0
6 19,613082.4747368421,6651407.8818947375,128.19662,0
6 20,613083.37,6651408.332,128.24142,0
6 21,613084.2652631579,6651408.782105263,128.19952,0
6 22,613085.1605263158,6651409.232210526,128.24443,0
6 23,613086.0557894737,6651409.68231579,128.2902,0
6 24,613086.9510526316,6651410.132421053,128.24902,0
6 25,613087.8463157895,6651410.582526316,128.28262,0
6 26,613088.7415789474,6651411.032631579,128.34454,0
6 27,613089.6368421053,6651411.482736843,128.29749,0
6 28,613090.5321052632,6651411.932842106,128.33736,0
6 29,613091.4273684211,6651412.382947369,128.26413,0
6 30,613092.3226315789,6651412.8330526315,128.30702,0
6 31,613093.2178947368,6651413.283157895,128.34807,0
6 32,613094.1131578947,6651413.733263158,128.29181,0
6 33,613095.0084210526,6651414.183368421,128.3153,0
6 34,613095.9036842105,6651414.633473684,128.34433,0
6 35,613096.7989473684,6651415.083578948,128.29184,0
6 36,613097.6942105263,6651415.533684211,128.28836,0
6 37,613098.5894736842,6651415.983789474,128.21954,0
6 38,613099.4847368421,6651416.433894737,128.20915,0
6 39,613100.38,6651416.884000001,128.20021,0
6 40,613101.2752631579,6651417.334105263,128.11954,0
6 41,613102.1705263158,6651417.784210526,128.09778,0
6 42,613103.0657894737,6651418.234315789,128.07567,0
6 43,613103.9610526316,6651418.684421053,128.00919,0
6 44,613104.8563157895,6651419.134526316,127.99962,0
6 45,613105.7515789474,6651419.584631579,127.98639,0
6 46,613106.6468421053,6651420.034736842,127.935936,0
6 47,613107.5421052632,6651420.484842106,127.935715,0
6 48,613108.4373684211,6651420.934947369,127.919075,0
6 49,613109.3326315789,6651421.385052632,127.96583,0
6 50,613110.2278947368,6651421.8351578945,127.998795,0
6 51,613111.1231578947,6651422.285263158,128.01085,0
6 52,613112.0184210526,6651422.735368421,128.06921,0
6 53,613112.9136842105,6651423.185473684,128.1265,0
6 54,613113.8089473684,6651423.635578947,128.14781,0
6 55,613114.7042105263,6651424.085684211,128.18906,0
6 56,613115.5994736842,6651424.535789474,128.19821,0
6 57,613116.4947368421,6651424.985894737,128.25745,0
6 58,613117.39,6651425.436,128.25745,0
6 59,613118.2852631579,6651425.886105264,128.28966,0
6 60,613119.1805263158,6651426.3362105265,128.35713,0
6 61,613120.0757894737,6651426.786315789,128.41867,0
6 62,613120.9710526316,6651427.236421052,128.4547,0
6 63,613121.8663157895,6651427.686526316,128.51988,0
6 64,613122.7615789474,6651428.136631579,128.58113,0
6 65,613123.6568421053,6651428.586736842,128.59235,0
6 66,613124.5521052632,6651429.036842105,128.649,0
6 67,613125.4473684211,6651429.486947369,128.6713,0
6 68,613126.3426315789,6651429.937052632,128.71492,0
6 69,613127.2378947368,6651430.387157895,128.77423,0
6 70,613128.1331578947,6651430.837263158,128.78932,0
6 71,613129.0284210526,6651431.287368421,128.85052,0
6 72,613129.9236842105,6651431.737473684,128.90425,0
6 73,613130.8189473684,6651432.187578947,128.8947,0
6 74,613131.7142105263,6651432.63768421,128.94403,0
6 75,613132.6094736842,6651433.087789474,129.01942,0
6 76,613133.5047368421,6651433.537894737,129.10541,0
6 77,613134.4,6651433.988,129.19081,0
6 78,613135.2952631579,6651434.438105263,129.27306,0
6 79,613136.1905263158,6651434.888210527,129.3397,0
6 80,613137.0857894737,6651435.33831579,129.38733,0
6 81,613137.9810526316,6651435.7884210525,129.4458,0
6 82,613138.8763157895,6651436.238526315,129.48557,0
6 83,613139.7715789474,6651436.688631579,129.53345,0
6 84,613140.6668421053,6651437.138736842,129.58713,0
6 85,613141.5621052632,6651437.588842105,129.63019,0
6 86,613142.4573684211,6651438.038947368,129.6921,0
6 87,613143.3526315789,6651438.489052632,129.7449,0
6 88,613144.2478947368,6651438.939157895,129.7449,0
6 89,613145.1431578947,6651439.389263158,129.80475,0
6 90,613146.0384210526,6651439.839368421,129.83192,0
6 91,613146.9336842105,6651440.2894736845,129.84804,0
6 92,613147.8289473684,6651440.739578947,129.89561,0
6 93,613148.7242105263,6651441.18968421,129.90384,0
6 94,613149.6194736842,6651441.639789473,129.9216,0
6 95,613150.5147368421,6651442.089894737,129.9829,0
6 96,613151.41,6651442.54,130.0386,0
7 1,613003.8,6651367.0,125.68552,0
7 2,613004.6905263158,6651367.461052632,125.684975,0
7 3,613005.5810526316,6651367.922105263,125.74312,0
7 4,613006.4715789474,6651368.383157895,125.79764,0
7 5,613007.3621052632,6651368.844210526,125.843414,0
7 6,613008.252631579,6651369.305263158,125.92351,0
7 7,613009.1431578948,6651369.76631579,126.00972,0
7 8,613010.0336842106,6651370.227368421,126.09676,0
7 9,613010.9242105264,6651370.688421053,126.09676,0
7 10,613011.8147368422,6651371.149473684,126.182236,0
7 11,613012.705263158,6651371.610526316,126.25453,0
7 12,613013.5957894737,6651372.071578947,126.30676,0
7 13,613014.4863157895,6651372.532631579,126.35237,0
7 14,613015.3768421053,6651372.993684211,126.41319,0
7 15,613016.2673684211,6651373.454736842,126.437546,0
7 16,613017.1578947369,6651373.915789474,126.46834,0
7 17,613018.0484210526,6651374.376842105,126.50776,0
7 18,613018.9389473684,6651374.837894737,126.53707,0
7 19,613019.8294736843,6651375.298947369,126.57103,0
7 20,613020.7200000001,6651375.76,126.57819,0
7 21,613021.6105263159,6651376.221052632,126.612854,0
7 22,613022.5010526316,6651376.682105263,126.65169,0
7 23,613023.3915789474,6651377.143157895,126.61189,0
7 24,613024.2821052632,6651377.604210527,126.64412,0
7 25,613025.172631579,6651378.065263158,126.66746,0
7 26,613026.0631578948,6651378.52631579,126.62692,0
7 27,613026.9536842105,6651378.987368421,126.651276,0
7 28,613027.8442105263,6651379.448421053,126.65624,0
7 29,613028.7347368421,6651379.909473685,126.68369,0
7 30,613029.6252631579,6651380.370526316,126.72224,0
7 31,613030.5157894738,6651380.831578948,126.740395,0
7 32,613031.4063157896,6651381.292631579,126.75948,0
7 33,613032.2968421053,6651381.753684211,126.767944,0
7 34,613033.1873684211,6651382.214736842,126.778404,0
7 35,613034.0778947369,6651382.675789474,126.791664,0
7 36,613034.9684210527,6651383.136842106,126.82826,0
7 37,613035.8589473685,6651383.597894737,126.82826,0
7 38,613036.7494736842,6651384.0589473685,126.86396,0
7 39,613037.64,6651384.52,126.89625,0
7 40,613038.5305263158,6651384.9810526315,126.91844,0
7 41,613039.4210526316,6651385.4421052635,126.98068,0
7 42,613040.3115789474,6651385.9031578945,126.98291,0
7 43,613041.2021052632,6651386.364210526,127.02075,0
7 44,613042.092631579,6651386.8252631575,127.05121,0
7 45,613042.9831578948,6651387.286315789,127.07251,0
7 46,613043.8736842106,6651387.747368421,127.101746,0
7 47,613044.7642105264,6651388.208421052,127.108315,0
7 48,613045.6547368421,6651388.669473684,127.13919,0
7 49,613046.5452631579,6651389.130526315,127.18053,0
7 50,613047.4357894737,6651389.591578947,127.20206,0
7 51,613048.3263157895,6651390.052631578,127.20206,0
7 52,613049.2168421053,6651390.51368421,127.2277,0
7 53,613050.107368421,6651390.974736842,127.29008,0
7 54,613050.9978947368,6651391.435789473,127.37179,0
7 55,613051.8884210527,6651391.896842105,127.422874,0
7 56,613052.7789473685,6651392.357894736,127.51458,0
7 57,613053.6694736843,6651392.818947368,127.567406,0
7 58,613054.56,6651393.28,127.64427,0
7 59,613055.4505263158,6651393.741052631,127.71406,0
7 60,613056.3410526316,6651394.202105263,127.73964,0
7 61,613057.2315789474,6651394.663157894,127.805824,0
7 62,613058.1221052632,6651395.124210526,127.85698,0
7 63,613059.012631579,6651395.585263158,127.86674,0
7 64,613059.9031578947,6651396.046315789,127.92139,0
7 65,613060.7936842105,6651396.507368421,127.8737,0
7 66,613061.6842105263,6651396.968421052,127.91666,0
7 67,613062.5747368422,6651397.429473684,127.964195,0
7 68,613063.465263158,6651397.890526315,127.94964,0
7 69,613064.3557894737,6651398.351578947,127.98896,0
7 70,613065.2463157895,6651398.812631579,128.02408,0
7 71,613066.1368421053,6651399.27368421,127.98419,0
7 72,613067.0273684211,6651399.734736842,128.03325,0
7 73,613067.9178947369,6651400.195789473,127.97661,0
7 74,613068.8084210526,6651400.656842105,127.999405,0
7 75,613069.6989473684,6651401.117894737,128.03828,0
7 76,613070.5894736842,6651401.578947368,127.99249,0
7 77,613071.48,6651402.04,128.03131,0
7 78,613072.3705263158,6651402.501052631,128.07263,0
7 79,613073.2610526317,6651402.962105263,128.01175,0
7 80,613074.1515789474,6651403.423157895,128.06538,0
7 81,613075.0421052632,6651403.884210526,128.03876,0
7 82,613075.932631579,6651404.345263158,128.0807,0
7 83,613076.8231578948,6651404.806315789,128.12782,0
7 84,613077.7136842106,6651405.267368421,128.10701,0
7 85,613078.6042105263,6651405.728421053,128.14546,0
7 86,613079.4947368421,6651406.189473684,128.19592,0
7 87,613080.3852631579,6651406.650526316,128.1744,0
7 88,613081.2757894737,6651407.111578947,128.2129,0
7 89,613082.1663157895,6651407.572631579,128.19662,0
7 90,613083.0568421052,6651408.03368421,128.24142,0
7 91,613083.9473684211,6651408.494736842,128.28302,0
7 92,613084.8378947369,6651408.955789474,128.24443,0
7 93,613085.7284210527,6651409.416842105,128.24443,0
7 94,613086.6189473685,6651409.877894737,128.19975,0
7 95,613087.5094736842,6651410.338947368,128.24902,0
7 96,613088.4,6651410.8,128.28262,0
8 1,612859.8,6651333.1,120.164085,0
8 2,612864.75,6651334.066666666,119.541016,0
8 3,612869.7000000001,6651335.033333333,119.73914,0
8 4,612874.65,6651336.0,119.84092,0
8 5,612879.6000000001,6651336.966666667,119.85689,0
8 6,612884.55,6651337.933333333,120.106064,0
8 7,612889.5,6651338.899999999,120.725204,0
8 8,612894.4500000001,6651339.866666666,121.14699,0
8 9,612899.4,6651340.833333333,121.545845,0
8 10,612904.35,6651341.8,121.78795,0
8 11,612909.3,6651342.766666667,122.11724,0
8 12,612914.25,6651343.733333333,122.44473,0
8 13,612919.2,6651344.699999999,122.723,0
8 14,612924.15,6651345.666666666,122.99073,0
8 15,612929.1,6651346.633333333,123.31196,0
8 16,612934.05,6651347.6,123.52651,0
8 17,612939.0,6651348.566666666,123.590866,0
8 18,612943.95,6651349.533333333,123.66305,0
8 19,612948.9,6651350.5,123.79446,0
8 20,612953.85,6651351.466666667,124.05902,0
8 21,612958.8,6651352.433333334,124.35093,0
8 22,612963.75,6651353.399999999,124.60064,0
8 23,612968.7,6651354.366666666,124.92207,0
8 24,612973.65,6651355.333333333,125.09877,0
8 25,612978.6,6651356.3,125.1483,0
8 26,612982.9976923077,6651358.569230769,125.27832,0
8 27,612987.3953846154,6651360.838461538,125.37502,0
8 28,612991.793076923,6651363.107692308,125.456184,0
8 29,612996.1907692307,6651365.376923077,125.48279,0
8 30,613000.5884615384,6651367.646153846,125.50471,0
8 31,613004.9861538461,6651369.915384615,125.617775,0
8 32,613009.3838461539,6651372.184615385,126.008606,0
8 33,613013.7815384616,6651374.453846154,126.29717,0
8 34,613018.1792307692,6651376.723076923,126.381195,0
8 35,613022.5769230769,6651378.992307692,126.492004,0
8 36,613026.9746153846,6651381.261538462,126.60701,0
8 37,613031.3723076923,6651383.530769231,126.73466,0
8 38,613035.77,6651385.8,126.90094,0
8 39,613040.1676923076,6651388.069230769,127.022995,0
8 40,613044.5653846153,6651390.338461538,127.08708,0
8 41,613048.963076923,6651392.607692308,127.197136,0
8 42,613053.3607692308,6651394.876923077,127.50823,0
8 43,613057.7584615385,6651397.146153846,127.75414,0
8 44,613062.1561538462,6651399.415384615,127.82745,0
8 45,613066.5538461538,6651401.684615385,127.859695,0
8 46,613070.9515384615,6651403.953846154,127.88174,0
8 47,613075.3492307692,6651406.223076923,127.94614,0
8 48,613079.7469230769,6651408.492307692,128.00984,0
8 49,613084.1446153846,6651410.761538462,128.03943,0
8 50,613088.5423076923,6651413.030769231,128.17072,0
8 51,613092.94,6651415.3,128.19025,0
8 52,613097.3376923077,6651417.569230769,128.15567,0
8 53,613101.7353846154,6651419.838461538,127.99117,0
8 54,613106.1330769231,6651422.107692308,127.83751,0
8 55,613110.5307692308,6651424.376923077,127.97539,0
8 56,613114.9284615384,6651426.646153846,128.11047,0
8 57,613119.3261538461,6651428.915384615,128.34346,0
8 58,613123.7238461538,6651431.184615385,128.54953,0
8 59,613128.1215384615,6651433.453846154,128.74316,0
8 60,613132.5192307692,6651435.723076923,129.04927,0
8 61,613136.916923077,6651437.992307692,129.3986,0
8 62,613141.3146153846,6651440.261538462,129.64217,0
8 63,613145.7123076923,6651442.530769231,129.83293,0
8 64,613150.11,6651444.8,130.02043,0
9 1,613176.105,6651047.18,138.3285,0
9 2,613176.9792105263,6651046.692915789,138.3331,0
9 3,613177.8534210526,6651046.205831579,138.3331,0
9 4,613178.7276315789,6651045.718747368,138.40652,0
9 5,613179.6018421053,6651045.231663157,138.40259,0
9 6,613180.4760526315,6651044.744578947,138.41264,0
9 7,613181.3502631579,6651044.257494736,138.45802,0
9 8,613182.2244736842,6651043.770410526,138.45743,0
9 9,613183.0986842106,6651043.283326316,138.45694,0
9 10,613183.9728947368,6651042.796242105,138.46191,0
9 11,613184.8471052632,6651042.309157894,138.47285,0
9 12,613185.7213157895,6651041.822073684,138.47939,0
9 13,613186.5955263157,6651041.334989473,138.58313,0
9 14,613187.4697368421,6651040.847905263,138.58313,0
9 15,613188.3439473684,6651040.360821052,138.69994,0
9 16,613189.2181578947,6651039.873736842,138.67834,0
9 17,613190.092368421,6651039.386652632,138.78262,0
9 18,613190.9665789474,6651038.899568421,138.87318,0
9 19,613191.8407894737,6651038.41248421,138.84349,0
9 20,613192.715,6651037.9254,138.96634,0
9 21,613193.5892105263,6651037.438315789,138.9088,0
9 22,613194.4634210527,6651036.951231578,139.02155,0
9 23,613195.3376315789,6651036.464147368,139.01149,0
9 24,613196.2118421053,6651035.977063158,139.139,0
9 25,613197.0860526316,6651035.489978947,139.12032,0
9 26,613197.9602631578,6651035.002894737,139.28447,0
9 27,613198.8344736842,6651034.515810526,139.41829,0
9 28,613199.7086842105,6651034.028726315,139.38283,0
9 29,613200.5828947368,6651033.541642105,139.46559,0
9 30,613201.4571052631,6651033.054557894,139.3872,0
9 31,613202.3313157895,6651032.5674736835,139.44453,0
9 32,613203.2055263158,6651032.080389474,139.44453,0
9 33,613204.0797368421,6651031.593305263,139.49315,0
9 34,613204.9539473684,6651031.106221052,139.56973,0
9 35,613205.8281578948,6651030.619136842,139.48071,0
9 36,613206.702368421,6651030.132052631,139.50609,0
9 37,613207.5765789474,6651029.644968421,139.50609,0
9 38,613208.4507894737,6651029.15788421,139.5368,0
9 39,613209.325,6651028.6707999995,139.56326,0
9 40,613210.1992105263,6651028.18371579,139.57831,0
9 41,613211.0734210527,6651027.696631579,139.5893,0
9 42,613211.9476315789,6651027.209547368,139.68132,0
9 43,613212.8218421052,6651026.722463158,139.59355,0
9 44,613213.6960526316,6651026.235378947,139.6792,0
9 45,613214.570263158,6651025.748294736,139.66612,0
9 46,613215.4444736842,6651025.261210526,139.77118,0
9 47,613216.3186842105,6651024.7741263155,139.7885,0
9 48,613217.1928947369,6651024.287042105,139.88092,0
9 49,613218.0671052631,6651023.799957895,139.76056,0
9 50,613218.9413157895,6651023.312873684,139.73969,0
9 51,613219.8155263158,6651022.825789473,139.78928,0
9 52,613220.6897368421,6651022.338705263,139.73402,0
9 53,613221.5639473684,6651021.851621052,139.7596,0
9 54,613222.4381578948,6651021.364536841,139.70772,0
9 55,613223.3123684211,6651020.8774526315,139.70772,0
9 56,613224.1865789474,6651020.390368421,139.72545,0
9 57,613225.0607894737,6651019.90328421,139.7739,0
9 58,613225.935,6651019.4162,139.74608,0
9 59,613226.8092105263,6651018.929115789,139.77698,0
9 60,613227.6834210526,6651018.442031578,139.77698,0
9 61,613228.557631579,6651017.954947368,139.87544,0
9 62,613229.4318421052,6651017.467863157,139.78525,0
9 63,613230.3060526316,6651016.9807789475,139.85216,0
9 64,613231.1802631579,6651016.493694737,139.90425,0
9 65,613232.0544736842,6651016.006610526,139.79163,0
9 66,613232.9286842105,6651015.519526316,140.0193,0
9 67,613233.8028947369,6651015.032442105,139.87894,0
9 68,613234.6771052632,6651014.545357894,140.01982,0
9 69,613235.5513157895,6651014.058273684,139.92447,0
9 70,613236.4255263158,6651013.571189473,140.00348,0
9 71,613237.2997368422,6651013.0841052625,139.86182,0
9 72,613238.1739473684,6651012.597021053,140.10266,0
9 73,613239.0481578948,6651012.109936842,140.31598,0
9 74,613239.9223684211,6651011.622852631,140.12157,0
9 75,613240.7965789473,6651011.135768421,140.22672,0
9 76,613241.6707894737,6651010.64868421,140.05853,0
9 77,613242.545,6651010.161599999,140.12689,0
9 78,613243.4192105263,6651009.674515789,140.12689,0
9 79,613244.2934210526,6651009.1874315785,140.28212,0
9 80,613245.167631579,6651008.700347368,140.41676,0
9 81,613246.0418421053,6651008.213263158,140.20505,0
9 82,613246.9160526316,6651007.726178947,140.32568,0
9 83,613247.7902631579,6651007.239094736,140.11961,0
9 84,613248.6644736843,6651006.752010526,140.44658,0
9 85,613249.5386842105,6651006.264926315,140.25893,0
9 86,613250.4128947369,6651005.777842105,140.35638,0
9 87,613251.2871052632,6651005.2907578945,140.05814,0
9 88,613252.1613157894,6651004.803673684,140.03392,0
9 89,613253.0355263158,6651004.316589474,140.1995,0
9 90,613253.9097368421,6651003.829505263,140.1923,0
9 91,613254.7839473685,6651003.342421052,140.58717,0
9 92,613255.6581578947,6651002.855336842,140.77898,0
9 93,613256.5323684211,6651002.368252631,140.56226,0
9 94,613257.4065789474,6651001.88116842,140.43173,0
9 95,613258.2807894737,6651001.3940842105,140.47029,0
9 96,613259.155,6651000.907,140.50821,0
10 1,613100.655,6651095.037,138.29607,0
10 2,613101.4931296296,6651094.488259259,138.34439,0
10 3,613102.3312592593,6651093.939518518,138.41917,0
10 4,613103.1693888889,6651093.390777777,138.37755,0
10 5,613104.0075185186,6651092.842037037,138.37541,0
10 6,613104.8456481482,6651092.293296296,138.37372,0
10 7,613105.6837777778,6651091.744555555,138.29683,0
10 8,613106.5219074074,6651091.195814814,138.3447,0
10 9,613107.360037037,6651090.647074074,138.31383,0
10 10,613108.1981666667,6651090.098333333,138.30069,0
10 11,613109.0362962963,6651089.549592592,138.34117,0
10 12,613109.8744259259,6651089.000851852,138.28041,0
10 13,613110.7125555556,6651088.452111111,138.3137,0
10 14,613111.5506851852,6651087.90337037,138.35805,0
10 15,613112.3888148149,6651087.354629629,138.3282,0
10 16,613113.2269444445,6651086.805888888,138.40962,0
10 17,613114.0650740741,6651086.257148148,138.40962,0
10 18,613114.9032037037,6651085.708407408,138.46199,0
10 19,613115.7413333333,6651085.159666667,138.50252,0
10 20,613116.5794629629,6651084.610925926,138.43439,0
10 21,613117.4175925927,6651084.062185185,138.41138,0
10 22,613118.2557222223,6651083.513444444,138.44798,0
10 23,613119.0938518519,6651082.964703703,138.39812,0
10 24,613119.9319814815,6651082.415962962,138.45508,0
10 25,613120.7701111111,6651081.8672222225,138.44536,0
10 26,613121.6082407407,6651081.318481482,138.47429,0
10 27,613122.4463703703,6651080.769740741,138.5081,0
10 28,613123.2845000001,6651080.221,138.60649,0
10 29,613124.1226296297,6651079.672259259,138.59335,0
10 30,613124.9607592593,6651079.123518518,138.50804,0
10 31,613125.7988888889,6651078.574777777,138.55684,0
10 32,613126.6370185185,6651078.026037037,138.4862,0
10 33,613127.4751481481,6651077.4772962965,138.36531,0
10 34,613128.3132777778,6651076.928555556,138.37604,0
10 35,613129.1514074074,6651076.379814815,138.24739,0
10 36,613129.9895370371,6651075.831074074,138.24739,0
10 37,613130.8276666667,6651075.282333333,138.1806,0
10 38,613131.6657962963,6651074.733592592,138.05728,0
10 39,613132.5039259259,6651074.184851852,138.09126,0
10 40,613133.3420555555,6651073.636111111,138.25906,0
10 41,613134.1801851852,6651073.0873703705,138.09737,0
10 42,613135.0183148148,6651072.53862963,138.10056,0
10 43,613135.8564444444,6651071.989888889,138.08186,0
10 44,613136.6945740741,6651071.441148148,138.04327,0
10 45,613137.5327037037,6651070.892407408,138.08429,0
10 46,613138.3708333333,6651070.343666667,138.08038,0
10 47,613139.208962963,6651069.794925926,138.11813,0
10 48,613140.0470925926,6651069.246185185,138.142,0
10 49,613140.8852222222,6651068.6974444445,138.08293,0
10 50,613141.7233518518,6651068.148703704,138.15492,0
10 51,613142.5614814814,6651067.599962963,138.21611,0
10 52,613143.3996111111,6651067.051222223,138.26382,0
10 53,613144.2377407408,6651066.502481482,138.43987,0
10 54,613145.0758703704,6651065.953740741,138.43987,0
10 55,613145.914,6651065.405,138.56944,0
10 56,613146.7649512195,6651064.890707318,138.64293,0
10 57,613147.615902439,6651064.376414634,138.55974,0
10 58,613148.4668536586,6651063.862121952,138.47824,0
10 59,613149.317804878,6651063.347829268,138.47824,0
10 60,613150.1687560976,6651062.833536586,138.36972,0
10 61,613151.0197073171,6651062.319243902,138.25557,0
10 62,613151.8706585366,6651061.80495122,137.96556,0
10 63,613152.7216097561,6651061.290658536,137.90414,0
10 64,613153.5725609756,6651060.776365854,137.90414,0
10 65,613154.4235121951,6651060.262073171,137.85243,0
10 66,613155.2744634146,6651059.747780488,137.83116,0
10 67,613156.1254146341,6651059.233487805,137.7987,0
10 68,613156.9763658537,6651058.719195122,137.81316,0
10 69,613157.8273170731,6651058.204902439,137.81316,0
10 70,613158.6782682927,6651057.690609756,137.84503,0
10 71,613159.5292195121,6651057.176317073,137.99657,0
10 72,613160.3801707317,6651056.662024391,138.0298,0
10 73,613161.2311219512,6651056.147731707,138.04681,0
10 74,613162.0820731707,6651055.633439025,138.20245,0
10 75,613162.9330243903,6651055.119146341,138.0336,0
10 76,613163.7839756097,6651054.604853659,138.19058,0
10 77,613164.6349268293,6651054.0905609755,138.19246,0
10 78,613165.4858780487,6651053.576268293,138.18355,0
10 79,613166.3368292683,6651053.0619756095,138.32567,0
10 80,613167.1877804878,6651052.547682927,138.16516,0
10 81,613168.0387317073,6651052.0333902445,138.29907,0
10 82,613168.8896829268,6651051.519097561,138.29228,0
10 83,613169.7406341463,6651051.0048048785,138.27956,0
10 84,613170.5915853658,6651050.490512195,138.38718,0
10 85,613171.4425365854,6651049.9762195125,138.2767,0
10 86,613172.2934878048,6651049.461926829,138.36649,0
10 87,613173.1444390244,6651048.947634147,138.30367,0
10 88,613173.9953902438,6651048.433341464,138.24887,0
10 89,613174.8463414634,6651047.919048781,138.32997,0
10 90,613175.6972926828,6651047.404756098,138.27203,0
10 91,613176.5482439024,6651046.890463415,138.3285,0
10 92,613177.399195122,6651046.376170732,138.3331,0
10 93,613178.2501463414,6651045.861878049,138.38628,0
10 94,613179.101097561,6651045.347585366,138.40259,0
10 95,613179.9520487804,6651044.833292683,138.45525,0
10 96,613180.803,6651044.319,138.41264,0
11 1,612923.744,6651206.66,133.31194,0
11 2,612927.9558392856,6651203.986178571,133.51584,0
11 3,612932.1676785714,6651201.312357143,133.59322,0
11 4,612936.3795178571,6651198.638535715,133.99214,0
11 5,612940.5913571428,6651195.964714286,134.26898,0
11 6,612944.8031964286,6651193.290892857,134.54463,0
11 7,612949.0150357143,6651190.617071428,135.18303,0
11 8,612953.2268749999,6651187.9432500005,135.84802,0
11 9,612957.4387142856,6651185.269428572,135.9924,0
11 10,612961.6505535714,6651182.595607143,136.27684,0
11 11,612965.8623928571,6651179.921785714,136.41443,0
11 12,612970.0742321428,6651177.247964286,136.58664,0
11 13,612974.2860714286,6651174.574142857,136.5305,0
11 14,612978.4979107142,6651171.900321429,136.11855,0
11 15,612982.7097499999,6651169.2265,136.27281,0
11 16,612986.9215892857,6651166.552678571,136.52379,0
11 17,612991.1334285714,6651163.878857143,136.80685,0
11 18,612995.3452678571,6651161.205035714,137.08275,0
11 19,612999.5571071428,6651158.531214286,137.26929,0
11 20,613003.7689464286,6651155.857392857,137.35983,0
11 21,613007.9807857142,6651153.183571429,137.64526,0
11 22,613012.1926249999,6651150.50975,138.65457,0
11 23,613016.4044642857,6651147.835928571,138.92818,0
11 24,613020.6163035714,6651145.162107143,139.06754,0
11 25,613024.8281428571,6651142.488285715,138.87418,0
11 26,613029.0399821429,6651139.814464286,138.88559,0
11 27,613033.2518214285,6651137.140642857,138.93336,0
11 28,613037.4636607142,6651134.466821428,138.89772,0
11 29,613041.6754999999,6651131.793,138.8883,0
11 30,613045.8873392857,6651129.119178572,138.92104,0
11 31,613050.0991785714,6651126.445357143,138.97795,0
11 32,613054.311017857,6651123.771535714,139.04745,0
11 33,613058.5228571428,6651121.097714285,139.00888,0
11 34,613062.7346964285,6651118.4238928575,138.98903,0
11 35,613066.9465357142,6651115.750071429,138.89075,0
11 36,613071.158375,6651113.07625,138.83861,0
11 37,613075.3702142857,6651110.402428571,138.82634,0
11 38,613079.5820535714,6651107.728607143,138.7578,0
11 39,613083.7938928572,6651105.0547857145,138.51814,0
11 40,613088.0057321428,6651102.380964286,138.41315,0
11 41,613092.2175714285,6651099.707142857,138.32529,0
11 42,613096.4294107142,6651097.033321429,138.4738,0
11 43,613100.64125,6651094.3595,138.37727,0
11 44,613104.8530892857,6651091.685678571,138.37372,0
11 45,613109.0649285713,6651089.011857143,138.34117,0
11 46,613113.2767678571,6651086.338035714,138.40962,0
11 47,613117.4886071428,6651083.664214286,138.41138,0
11 48,613121.7004464285,6651080.990392857,138.47429,0
11 49,613125.9122857143,6651078.316571428,138.42703,0
11 50,613130.124125,6651075.64275,138.24739,0
11 51,613134.3359642857,6651072.968928572,138.09737,0
11 52,613138.5478035713,6651070.295107143,138.1342,0
11 53,613142.7596428571,6651067.621285714,138.21611,0
11 54,613146.9714821428,6651064.947464285,138.64293,0
11 55,613151.1833214285,6651062.273642858,138.25557,0
11 56,613155.3951607143,6651059.599821429,137.83116,0
11 57,613159.607,6651056.926,137.89343,0
11 58,613163.9319565217,6651054.465652174,138.0323,0
11 59,613168.2569130434,6651052.005304348,138.29907,0
11 60,613172.5818695652,6651049.544956522,138.36649,0
11 61,613176.9068260869,6651047.0846086955,138.3285,0
11 62,613181.2317826087,6651044.62426087,138.45802,0
11 63,613185.5567391304,6651042.163913043,138.47939,0
11 64,613189.8816956521,6651039.703565218,138.78262,0
11 65,613194.2066521739,6651037.243217392,138.90668,0
11 66,613198.5316086956,6651034.782869565,139.27208,0
11 67,613202.8565652174,6651032.32252174,139.44453,0
11 68,613207.1815217391,6651029.862173913,139.50609,0
11 69,613211.5064782609,6651027.401826087,139.5893,0
11 70,613215.8314347826,6651024.941478261,139.68306,0
11 71,613220.1563913043,6651022.481130435,139.70743,0
11 72,613224.4813478261,6651020.020782609,139.72545,0
11 73,613228.8063043478,6651017.560434783,139.78525,0
11 74,613233.1312608696,6651015.100086957,139.87894,0
11 75,613237.4562173913,6651012.639739131,140.10266,0
11 76,613241.781173913,6651010.179391305,140.35568,0
11 77,613246.1061304348,6651007.719043478,140.54724,0
11 78,613250.4310869565,6651005.258695653,140.35638,0
11 79,613254.7560434783,6651002.798347826,140.58717,0
11 80,613259.081,6651000.338,140.50821,0
12 1,612971.564,6651008.207,150.82205,0
12 2,612971.7668607595,6651013.198974684,150.60112,0
12 3,612971.969721519,6651018.190949367,150.29703,0
12 4,612972.1725822785,6651023.182924051,150.1178,0
12 5,612972.375443038,6651028.174898734,149.82988,0
12 6,612972.5783037975,6651033.166873418,149.56035,0
12 7,612972.781164557,6651038.158848101,149.37056,0
12 8,612972.9840253164,6651043.150822785,149.06105,0
12 9,612973.186886076,6651048.142797469,148.66418,0
12 10,612973.3897468355,6651053.134772153,148.45607,0
12 11,612973.5926075949,6651058.126746836,148.08925,0
12 12,612973.7954683545,6651063.11872152,147.7817,0
12 13,612973.9983291139,6651068.110696203,146.90286,0
12 14,612974.2011898734,6651073.102670887,146.32558,0
12 15,612974.404050633,6651078.09464557,145.68616,0
12 16,612974.6069113924,6651083.0866202535,145.17111,0
12 17,612974.8097721519,6651088.078594937,144.58682,0
12 18,612975.0126329114,6651093.0705696205,144.14078,0
12 19,612975.2154936709,6651098.062544304,143.51945,0
12 20,612975.4183544304,6651103.054518987,143.03656,0
12 21,612975.6212151899,6651108.046493671,142.81769,0
12 22,612975.8240759494,6651113.038468354,142.52504,0
12 23,612976.0269367088,6651118.030443038,142.38635,0
12 24,612976.2297974684,6651123.022417721,141.88214,0
12 25,612976.4326582279,6651128.014392406,141.53192,0
12 26,612976.6355189873,6651133.006367089,140.96225,0
12 27,612976.8383797469,6651137.998341773,140.28853,0
12 28,612977.0412405063,6651142.990316456,139.9251,0
12 29,612977.2441012658,6651147.98229114,139.57076,0
12 30,612977.4469620254,6651152.974265823,139.16127,0
12 31,612977.6498227848,6651157.966240507,138.59454,0
12 32,612977.8526835443,6651162.95821519,137.77933,0
12 33,612978.0555443038,6651167.950189874,136.92253,0
12 34,612978.2584050633,6651172.942164557,136.05904,0
12 35,612978.4612658228,6651177.9341392405,135.46997,0
12 36,612978.6641265823,6651182.926113924,134.96764,0
12 37,612978.8669873418,6651187.9180886075,134.61333,0
12 38,612979.0698481012,6651192.910063291,134.23265,0
12 39,612979.2727088608,6651197.902037974,134.2152,0
12 40,612979.4755696203,6651202.894012658,134.07054,0
12 41,612979.6784303797,6651207.885987342,133.61308,0
12 42,612979.8812911392,6651212.877962026,133.20834,0
12 43,612980.0841518987,6651217.869936709,132.9398,0
12 44,612980.2870126582,6651222.861911393,132.25711,0
12 45,612980.4898734177,6651227.853886076,130.99081,0
12 46,612980.6927341772,6651232.84586076,130.57358,0
12 47,612980.8955949367,6651237.837835443,129.98776,0
12 48,612981.0984556961,6651242.829810127,129.53564,0
12 49,612981.3013164557,6651247.82178481,128.88606,0
12 50,612981.5041772152,6651252.813759494,128.394,0
12 51,612981.7070379746,6651257.805734177,127.83316,0
12 52,612981.9098987342,6651262.797708861,127.54985,0
12 53,612982.1127594936,6651267.789683544,126.74657,0
12 54,612982.3156202531,6651272.781658228,126.39465,0
12 55,612982.5184810127,6651277.773632911,126.118675,0
12 56,612982.7213417721,6651282.7656075945,125.929436,0
12 57,612982.9242025316,6651287.757582279,126.42567,0
12 58,612983.1270632911,6651292.749556962,126.828735,0
12 59,612983.3299240506,6651297.741531646,126.62372,0
12 60,612983.53278481,6651302.733506329,126.57753,0
12 61,612983.7356455696,6651307.725481013,126.666145,0
12 62,612983.9385063291,6651312.717455696,126.7432,0
12 63,612984.1413670885,6651317.70943038,126.91835,0
12 64,612984.3442278481,6651322.701405063,127.28453,0
12 65,612984.5470886076,6651327.693379747,127.14302,0
12 66,612984.749949367,6651332.68535443,126.67019,0
12 67,612984.9528101266,6651337.677329114,126.329094,0
12 68,612985.155670886,6651342.669303797,125.91099,0
12 69,612985.3585316455,6651347.661278481,125.52536,0
12 70,612985.5613924051,6651352.653253164,125.54087,0
12 71,612985.7642531645,6651357.645227848,125.413315,0
12 72,612985.967113924,6651362.637202531,125.2599,0
12 73,612986.1699746836,6651367.6291772155,125.08612,0
12 74,612986.372835443,6651372.621151899,124.92882,0
12 75,612986.5756962025,6651377.6131265825,124.81083,0
12 76,612986.778556962,6651382.605101266,124.6577,0
12 77,612986.9814177215,6651387.597075949,124.690216,0
12 78,612987.1842784809,6651392.589050633,124.914185,0
12 79,612987.3871392405,6651397.581025316,126.530266,0
12 80,612987.59,6651402.573,125.05545,0
13 1,612976.6,6651127.7,141.47449,0
13 2,612976.6431578947,6651128.697894737,141.53192,0
13 3,612976.6863157895,6651129.695789474,141.51808,0
13 4,612976.7294736842,6651130.693684211,141.0941,0
13 5,612976.772631579,6651131.691578948,141.07925,0
13 6,612976.8157894737,6651132.689473684,141.0399,0
13 7,612976.8589473683,6651133.687368421,140.96225,0
13 8,612976.9021052631,6651134.685263158,140.88435,0
13 9,612976.9452631578,6651135.683157895,140.78226,0
13 10,612976.9884210526,6651136.681052632,140.53175,0
13 11,612977.0315789473,6651137.678947369,140.12024,0
13 12,612977.0747368421,6651138.676842106,140.08531,0
13 13,612977.1178947368,6651139.6747368425,140.01776,0
13 14,612977.1610526316,6651140.672631579,140.01782,0
13 15,612977.2042105263,6651141.670526316,140.01675,0
13 16,612977.247368421,6651142.668421052,139.97707,0
13 17,612977.2905263158,6651143.666315789,139.9251,0
13 18,612977.3336842105,6651144.664210526,139.86195,0
13 19,612977.3768421052,6651145.662105263,139.76039,0
13 20,612977.4199999999,6651146.66,139.71205,0
13 21,612977.4631578947,6651147.657894737,139.64253,0
13 22,612977.5063157894,6651148.655789474,139.57076,0
13 23,612977.5494736842,6651149.653684211,139.50102,0
13 24,612977.5926315789,6651150.651578948,139.43452,0
13 25,612977.6357894737,6651151.649473684,139.30872,0
13 26,612977.6789473684,6651152.647368421,138.97192,0
13 27,612977.7221052632,6651153.645263158,138.90738,0
13 28,612977.7652631579,6651154.643157895,138.80833,0
13 29,612977.8084210526,6651155.641052632,138.74863,0
13 30,612977.8515789474,6651156.638947369,138.6813,0
13 31,612977.894736842,6651157.636842106,138.59454,0
13 32,612977.9378947368,6651158.6347368425,138.52643,0
13 33,612977.9810526315,6651159.632631579,138.21999,0
13 34,612978.0242105263,6651160.630526316,138.05382,0
13 35,612978.067368421,6651161.628421052,137.84584,0
13 36,612978.1105263158,6651162.626315789,137.77933,0
13 37,612978.1536842105,6651163.624210526,137.62299,0
13 38,612978.1968421052,6651164.622105263,137.37442,0
13 39,612978.24,6651165.62,137.13971,0
13 40,612978.2831578947,6651166.617894737,136.98958,0
13 41,612978.3263157895,6651167.615789474,136.6869,0
13 42,612978.3694736842,6651168.613684211,136.50218,0
13 43,612978.4126315789,6651169.611578948,136.37099,0
13 44,612978.4557894736,6651170.609473684,136.25342,0
13 45,612978.4989473684,6651171.607368421,136.11855,0
13 46,612978.5421052631,6651172.605263158,136.05904,0
13 47,612978.5852631578,6651173.603157895,135.97528,0
13 48,612978.6284210526,6651174.601052632,135.86755,0
13 49,612978.6715789473,6651175.598947369,135.78258,0
13 50,612978.7147368421,6651176.5968421055,135.64183,0
13 51,612978.7578947368,6651177.594736842,135.46997,0
13 52,612978.8010526316,6651178.592631579,135.30391,0
13 53,612978.8442105263,6651179.590526316,135.20357,0
13 54,612978.8873684211,6651180.588421052,135.12776,0
13 55,612978.9305263157,6651181.586315789,135.05675,0
13 56,612978.9736842104,6651182.584210526,134.99438,0
13 57,612979.0168421052,6651183.582105263,134.90819,0
13 58,612979.0599999999,6651184.58,134.8671,0
13 59,612979.1031578947,6651185.577894737,134.80164,0
13 60,612979.1463157894,6651186.575789474,134.71187,0
13 61,612979.1894736842,6651187.573684211,134.61333,0
13 62,612979.2326315789,6651188.571578948,134.53703,0
13 63,612979.2757894737,6651189.569473684,134.45468,0
13 64,612979.3189473684,6651190.567368421,134.38849,0
13 65,612979.3621052632,6651191.565263158,134.27658,0
13 66,612979.4052631579,6651192.563157895,134.23265,0
13 67,612979.4484210525,6651193.561052632,134.27786,0
13 68,612979.4915789473,6651194.5589473685,134.23996,0
13 69,612979.534736842,6651195.556842105,134.2505,0
13 70,612979.5778947368,6651196.554736842,134.26501,0
13 71,612979.6210526315,6651197.552631579,134.28926,0
13 72,612979.6642105263,6651198.550526316,134.2561,0
13 73,612979.707368421,6651199.548421052,134.2038,0
13 74,612979.7505263158,6651200.546315789,134.15894,0
13 75,612979.7936842105,6651201.544210526,134.09373,0
13 76,612979.8368421053,6651202.542105263,134.07054,0
13 77,612979.88,6651203.54,133.97919,0
13 78,612979.9231578948,6651204.537894737,133.91591,0
13 79,612979.9663157894,6651205.535789474,133.86554,0
13 80,612980.0094736841,6651206.533684211,133.74425,0
13 81,612980.0526315789,6651207.531578948,133.61308,0
13 82,612980.0957894736,6651208.529473684,133.46062,0
13 83,612980.1389473684,6651209.527368421,133.36182,0
13 84,612980.1821052631,6651210.525263158,133.31358,0
13 85,612980.2252631579,6651211.523157895,133.29454,0
13 86,612980.2684210526,6651212.521052632,133.27963,0
13 87,612980.3115789474,6651213.5189473685,133.26138,0
13 88,612980.3547368421,6651214.516842105,133.17361,0
13 89,612980.3978947368,6651215.514736842,133.0728,0
13 90,612980.4410526316,6651216.512631579,133.0728,0
13 91,612980.4842105262,6651217.510526316,133.02765,0
13 92,612980.527368421,6651218.508421052,132.9398,0
13 93,612980.5705263157,6651219.506315789,132.75659,0
13 94,612980.6136842105,6651220.504210526,132.72159,0
13 95,612980.6568421052,6651221.502105263,132.60408,0
13 96,612980.7,6651222.5,132.5391,0
14 1,612984.7,6651294.1,126.80704,0
14 2,612984.727368421,6651295.104210526,126.76975,0
14 3,612984.754736842,6651296.108421052,126.84963,0
14 4,612984.7821052631,6651297.112631579,126.81146,0
14 5,612984.8094736842,6651298.116842105,126.78759,0
14 6,612984.8368421053,6651299.121052631,126.77904,0
14 7,612984.8642105262,6651300.125263157,126.76671,0
14 8,612984.8915789473,6651301.129473683,126.726295,0
14 9,612984.9189473684,6651302.1336842105,126.72194,0
14 10,612984.9463157895,6651303.137894737,126.70839,0
14 11,612984.9736842104,6651304.142105263,126.80834,0
14 12,612985.0010526315,6651305.146315789,126.793434,0
14 13,612985.0284210526,6651306.150526316,126.75205,0
14 14,612985.0557894737,6651307.154736842,126.74344,0
14 15,612985.0831578947,6651308.158947368,126.7561,0
14 16,612985.1105263158,6651309.163157894,126.79349,0
14 17,612985.1378947368,6651310.16736842,126.80675,0
14 18,612985.1652631579,6651311.171578947,126.79478,0
14 19,612985.1926315789,6651312.175789474,126.91387,0
14 20,612985.22,6651313.18,126.915375,0
14 21,612985.247368421,6651314.184210526,126.96699,0
14 22,612985.274736842,6651315.188421052,127.055954,0
14 23,612985.3021052631,6651316.192631579,127.08086,0
14 24,612985.3294736842,6651317.196842105,127.03682,0
14 25,612985.3568421053,6651318.201052631,127.08943,0
14 26,612985.3842105262,6651319.205263157,127.182274,0
14 27,612985.4115789473,6651320.2094736835,127.238045,0
14 28,612985.4389473684,6651321.213684211,127.34066,0
14 29,612985.4663157895,6651322.217894737,127.34664,0
14 30,612985.4936842105,6651323.222105263,127.34416,0
14 31,612985.5210526315,6651324.226315789,127.32876,0
14 32,612985.5484210526,6651325.230526316,127.32392,0
14 33,612985.5757894737,6651326.234736842,127.31704,0
14 34,612985.6031578947,6651327.238947368,127.29358,0
14 35,612985.6305263158,6651328.243157894,127.294365,0
14 36,612985.6578947369,6651329.2473684205,127.32449,0
14 37,612985.6852631579,6651330.2515789475,127.32884,0
14 38,612985.7126315789,6651331.255789474,127.27385,0
14 39,612985.74,6651332.26,127.09856,0
14 40,612985.7673684211,6651333.264210526,126.8832,0
14 41,612985.794736842,6651334.268421052,126.6726,0
14 42,612985.8221052631,6651335.272631579,126.489,0
14 43,612985.8494736842,6651336.276842105,126.37451,0
14 44,612985.8768421053,6651337.281052631,126.34141,0
14 45,612985.9042105263,6651338.285263157,126.32652,0
14 46,612985.9315789473,6651339.289473684,126.29822,0
14 47,612985.9589473684,6651340.293684211,126.273964,0
14 48,612985.9863157895,6651341.297894737,126.17753,0
14 49,612986.0136842105,6651342.302105263,126.072754,0
14 50,612986.0410526316,6651343.306315789,125.9617,0
14 51,612986.0684210527,6651344.310526316,125.84269,0
14 52,612986.0957894737,6651345.314736842,125.744965,0
14 53,612986.1231578947,6651346.318947368,125.7092,0
14 54,612986.1505263158,6651347.323157894,125.60697,0
14 55,612986.1778947369,6651348.327368421,125.55451,0
14 56,612986.205263158,6651349.331578948,125.562706,0
14 57,612986.2326315789,6651350.335789474,125.57975,0
14 58,612986.26,6651351.34,125.569084,0
14 59,612986.2873684211,6651352.344210526,125.55645,0
14 60,612986.3147368421,6651353.348421052,125.54087,0
14 61,612986.3421052631,6651354.352631579,125.516174,0
14 62,612986.3694736842,6651355.356842105,125.53468,0
14 63,612986.3968421053,6651356.361052631,125.51052,0
14 64,612986.4242105263,6651357.3652631575,125.485245,0
14 65,612986.4515789474,6651358.369473684,125.46417,0
14 66,612986.4789473685,6651359.373684211,125.40939,0
14 67,612986.5063157895,6651360.377894737,125.3744,0
14 68,612986.5336842105,6651361.382105263,125.326416,0
14 69,612986.5610526316,6651362.386315789,125.30389,0
14 70,612986.5884210527,6651363.390526316,125.31401,0
14 71,612986.6157894738,6651364.394736842,125.260284,0
14 72,612986.6431578947,6651365.398947368,125.21106,0
14 73,612986.6705263158,6651366.4031578945,125.184685,0
14 74,612986.6978947369,6651367.407368421,125.134254,0
14 75,612986.725263158,6651368.411578948,125.08612,0
14 76,612986.752631579,6651369.415789474,125.042465,0
14 77,612986.78,6651370.42,125.002396,0
14 78,612986.8073684211,6651371.424210526,124.970505,0
14 79,612986.8347368421,6651372.428421052,124.950645,0
14 80,612986.8621052632,6651373.432631579,124.914,0
14 81,612986.8894736842,6651374.436842105,124.88119,0
14 82,612986.9168421053,6651375.4410526315,124.85898,0
14 83,612986.9442105263,6651376.445263158,124.8332,0
14 84,612986.9715789474,6651377.449473684,124.81083,0
14 85,612986.9989473685,6651378.453684211,124.780075,0
14 86,612987.0263157896,6651379.457894737,124.75036,0
14 87,612987.0536842105,6651380.462105263,124.764465,0
14 88,612987.0810526316,6651381.466315789,124.73007,0
14 89,612987.1084210527,6651382.470526316,124.70287,0
14 90,612987.1357894738,6651383.474736842,124.66853,0
14 91,612987.1631578947,6651384.478947368,124.668335,0
14 92,612987.1905263158,6651385.483157895,124.66068,0
14 93,612987.2178947369,6651386.487368421,124.62396,0
14 94,612987.245263158,6651387.491578948,124.690216,0
14 95,612987.272631579,6651388.495789474,124.873566,0
14 96,612987.3,6651389.5,124.86417,0
